ProdutoID,Produto,Categoria,ValorUnitario
1,Notebook Pro X,Informática,4500.0
2,Mouse Gamer,Informática,120.0
3,Cadeira Escritório,Móveis,980.0
4,"Monitor 27""",Informática,1350.0
5,Teclado Mecânico,Informática,350.0
6,Smartphone A15,Eletrônicos,2200.0
7,Impressora Laser,Informática,1600.0
8,Tablet Plus,Eletrônicos,1500.0
9,HD Externo 1TB,Informática,400.0
10,"Smart TV 50""",Eletrônicos,3200.0
11,Mesa Escritório,Móveis,1200.0
12,Headset Gamer,Informática,450.0
