VendaID,Data,Cliente,Cidade,Estado,Produto,Categoria,Quantidade,ValorUnitario,ValorTotal,FormaPagamento
1,2025-01-03,Ana Souza,São Paulo,SP,Notebook Pro X,Informática,1,4500.00,4500.00,Cartão Crédito
2,2025-01-05,Carlos Lima,Campinas,SP,Mouse Gamer,Informática,2,120.00,240.00,Pix
3,2025-01-06,Mariana Alves,Rio de Janeiro,RJ,Cadeira Escritório,Móveis,1,980.00,980.00,Boleto
4,2025-01-07,João Pedro,Belo Horizonte,MG,Monitor 27",Informática,2,1350.00,2700.00,Cartão Débito
5,2025-01-08,Fernanda Rocha,Curitiba,PR,Teclado Mecânico,Informática,1,350.00,350.00,Pix
6,2025-01-09,Lucas Martins,Salvador,BA,Smartphone A15,Eletrônicos,1,2200.00,2200.00,Cartão Crédito
7,2025-01-10,Juliana Costa,Recife,PE,Impressora Laser,Informática,1,1600.00,1600.00,Boleto
8,2025-01-11,Rafael Gomes,Fortaleza,CE,Tablet Plus,Eletrônicos,3,1500.00,4500.00,Pix
9,2025-01-12,Beatriz Lima,Porto Alegre,RS,HD Externo 1TB,Informática,2,400.00,800.00,Cartão Crédito
10,2025-01-13,Eduardo Silva,Goiânia,GO,Smart TV 50",Eletrônicos,1,3200.00,3200.00,Cartão Débito
11,2025-01-14,Camila Ferreira,São Paulo,SP,Mesa Escritório,Móveis,1,1200.00,1200.00,Pix
12,2025-01-15,Daniel Ramos,Campinas,SP,Notebook Pro X,Informática,1,4500.00,4500.00,Boleto
13,2025-01-16,Paula Mendes,Rio de Janeiro,RJ,Headset Gamer,Informática,2,450.00,900.00,Cartão Crédito
14,2025-01-17,Gustavo Alves,Belo Horizonte,MG,Smartphone A15,Eletrônicos,2,2200.00,4400.00,Pix
15,2025-01-18,Larissa Costa,Curitiba,PR,Monitor 27",Informática,1,1350.00,1350.00,Cartão Débito
16,2025-01-19,Tiago Oliveira,Salvador,BA,Cadeira Escritório,Móveis,2,980.00,1960.00,Boleto
17,2025-01-20,Vanessa Lima,Recife,PE,Smart TV 50",Eletrônicos,1,3200.00,3200.00,Cartão Crédito
18,2025-01-21,Bruno Castro,Fortaleza,CE,Teclado Mecânico,Informática,3,350.00,1050.00,Pix
19,2025-01-22,Aline Rocha,Porto Alegre,RS,Tablet Plus,Eletrônicos,1,1500.00,1500.00,Cartão Crédito
20,2025-01-23,Marcos Pinto,Goiânia,GO,HD Externo 1TB,Informática,4,400.00,1600.00,Cartão Débito
21,2025-01-24,Renata Souza,São Paulo,SP,Impressora Laser,Informática,1,1600.00,1600.00,Pix
22,2025-01-25,Felipe Nunes,Campinas,SP,Mesa Escritório,Móveis,2,1200.00,2400.00,Boleto
23,2025-01-26,Patrícia Moraes,Rio de Janeiro,RJ,Notebook Pro X,Informática,1,4500.00,4500.00,Cartão Crédito
24,2025-01-27,André Luiz,Belo Horizonte,MG,Mouse Gamer,Informática,5,120.00,600.00,Pix
25,2025-01-28,Simone Ribeiro,Curitiba,PR,Smartphone A15,Eletrônicos,1,2200.00,2200.00,Cartão Débito
26,2025-02-01,Ricardo Lopes,Salvador,BA,Monitor 27",Informática,2,1350.00,2700.00,Cartão Crédito
27,2025-02-02,Amanda Dias,Recife,PE,Smart TV 50",Eletrônicos,1,3200.00,3200.00,Pix
28,2025-02-03,Vinicius Melo,Fortaleza,CE,Cadeira Escritório,Móveis,1,980.00,980.00,Boleto
29,2025-02-04,Thaís Andrade,Porto Alegre,RS,Headset Gamer,Informática,2,450.00,900.00,Cartão Crédito
30,2025-02-05,Leandro Costa,Goiânia,GO,Tablet Plus,Eletrônicos,2,1500.00,3000.00,Cartão Débito
31,2025-02-06,Carla Mendes,São Paulo,SP,HD Externo 1TB,Informática,1,400.00,400.00,Pix
32,2025-02-07,Rodrigo Alves,Campinas,SP,Notebook Pro X,Informática,1,4500.00,4500.00,Cartão Crédito
33,2025-02-08,Débora Lima,Rio de Janeiro,RJ,Mouse Gamer,Informática,3,120.00,360.00,Boleto
34,2025-02-09,Marcelo Silva,Belo Horizonte,MG,Mesa Escritório,Móveis,1,1200.00,1200.00,Cartão Crédito
35,2025-02-10,Bruna Rocha,Curitiba,PR,Impressora Laser,Informática,1,1600.00,1600.00,Pix
36,2025-02-11,Diego Martins,Salvador,BA,Smartphone A15,Eletrônicos,2,2200.00,4400.00,Cartão Débito
37,2025-02-12,Elisa Santos,Recife,PE,Monitor 27",Informática,1,1350.00,1350.00,Cartão Crédito
38,2025-02-13,Henrique Ramos,Fortaleza,CE,Tablet Plus,Eletrônicos,1,1500.00,1500.00,Pix
39,2025-02-14,Camila Pinto,Porto Alegre,RS,Cadeira Escritório,Móveis,2,980.00,1960.00,Boleto
40,2025-02-15,Leonardo Souza,Goiânia,GO,Smart TV 50",Eletrônicos,1,3200.00,3200.00,Cartão Crédito
41,2025-02-16,Isabela Moraes,São Paulo,SP,Headset Gamer,Informática,1,450.00,450.00,Pix
42,2025-02-17,Pedro Henrique,Campinas,SP,HD Externo 1TB,Informática,3,400.00,1200.00,Cartão Débito
43,2025-02-18,Larissa Gomes,Rio de Janeiro,RJ,Notebook Pro X,Informática,1,4500.00,4500.00,Cartão Crédito
44,2025-02-19,Gabriel Costa,Belo Horizonte,MG,Mouse Gamer,Informática,2,120.00,240.00,Pix
45,2025-02-20,Mariana Lopes,Curitiba,PR,Impressora Laser,Informática,1,1600.00,1600.00,Boleto
46,2025-02-21,Thiago Ribeiro,Salvador,BA,Smartphone A15,Eletrônicos,1,2200.00,2200.00,Cartão Crédito
47,2025-02-22,Aline Santos,Recife,PE,Monitor 27",Informática,2,1350.00,2700.00,Cartão Débito
48,2025-02-23,Fernando Lima,Fortaleza,CE,Smart TV 50",Eletrônicos,1,3200.00,3200.00,Pix
49,2025-02-24,Juliana Alves,Porto Alegre,RS,Mesa Escritório,Móveis,1,1200.00,1200.00,Cartão Crédito
50,2025-02-25,Renato Castro,Goiânia,GO,Tablet Plus,Eletrônicos,2,1500.00,3000.00,Boleto